entry_time,exit_time,direction,entry_price,exit_price,pnl_pct,bars_held,exit_reason,max_favorable_pct,max_adverse_pct
2025-01-13 09:15:00+05:30,2025-01-13 10:15:00+05:30,SHORT,48500.75,48773.7,-0.5627748024515025,4,4_bars,0.3108199357741891,0.5627748024515025
2025-01-15 13:15:00+05:30,2025-01-15 14:15:00+05:30,SHORT,48814.51666666666,48762.4,0.10676468850965713,4,4_bars,0.2883705018076852,0.0
2025-01-16 09:15:00+05:30,2025-01-16 10:15:00+05:30,LONG,49362.96666666667,49453.6,0.1836059286009918,4,4_bars,0.1836059286009918,0.0
2025-01-17 09:30:00+05:30,2025-01-17 10:30:00+05:30,SHORT,48809.56666666667,48625.1,0.3779313754749057,4,4_bars,0.3779313754749057,0.03356582418608671
2025-01-20 09:15:00+05:30,2025-01-20 10:15:00+05:30,LONG,48909.56666666667,49188.0,0.5692819468856338,4,4_bars,0.5692819468856338,0.0
2025-01-20 11:15:00+05:30,2025-01-20 12:15:00+05:30,LONG,49361.56666666667,49500.05,0.28054890208103184,4,4_bars,0.28054890208103184,0.0
2025-01-20 13:00:00+05:30,2025-01-20 14:00:00+05:30,LONG,49651.333333333336,49645.0,-0.01275561582771008,4,4_bars,0.06256965237589933,0.022825838849582607
2025-01-21 09:30:00+05:30,2025-01-21 10:30:00+05:30,SHORT,49323.23333333334,48980.0,0.6958857117369377,4,4_bars,0.858081080113031,0.0
2025-01-21 11:45:00+05:30,2025-01-21 12:45:00+05:30,SHORT,49177.06666666667,48962.3,0.4367211816890326,4,4_bars,0.7464183847213463,0.0
2025-01-21 14:30:00+05:30,2025-01-22 09:15:00+05:30,SHORT,48721.25,48737.75,-0.033866126176976166,4,4_bars,0.1227390512353499,0.11832619236986214
2025-01-22 12:15:00+05:30,2025-01-22 13:15:00+05:30,SHORT,48352.28333333333,48288.0,0.13294787526407648,4,4_bars,0.13294787526407648,0.08834467314022154
2025-01-24 14:00:00+05:30,2025-01-24 15:00:00+05:30,SHORT,48474.583333333336,48362.75,0.23070509459425112,4,4_bars,0.3806805972201917,0.0
2025-01-27 10:15:00+05:30,2025-01-27 11:15:00+05:30,SHORT,48001.28333333333,48184.8,-0.382316167241369,4,4_bars,0.0,0.382316167241369
2025-01-28 11:45:00+05:30,2025-01-28 12:45:00+05:30,LONG,48987.38333333333,49127.0,0.28500535682147127,4,4_bars,0.28500535682147127,0.0
2025-01-30 10:00:00+05:30,2025-01-30 11:00:00+05:30,LONG,49206.28333333333,49200.05,-0.012667758893928393,4,4_bars,0.19045670657914043,0.1132646677575322
2025-01-31 09:15:00+05:30,2025-01-31 10:15:00+05:30,LONG,49536.65,49545.0,0.016856206465311125,4,4_bars,0.016856206465311125,0.20651376304211713
2025-01-31 12:30:00+05:30,2025-01-31 13:30:00+05:30,LONG,49817.716666666674,49856.5,0.07785048357962124,4,4_bars,0.28249655494043985,0.0
2025-02-01 11:00:00+05:30,2025-02-01 12:00:00+05:30,LONG,50043.06666666667,49510.0,-1.0652158274339827,4,4_bars,0.2976103249734103,1.0652158274339827
2025-02-03 09:15:00+05:30,2025-02-03 10:15:00+05:30,SHORT,49386.63333333333,49485.75,-0.20069532984296415,4,4_bars,0.13532676520434034,0.20069532984296415
2025-02-04 09:15:00+05:30,2025-02-04 10:15:00+05:30,LONG,49813.21666666667,50050.0,0.47534238737844914,4,4_bars,0.6463813318620526,0.0
2025-02-04 13:00:00+05:30,2025-02-04 14:00:00+05:30,LONG,50189.200000000004,50120.15,-0.13757939955210066,4,4_bars,0.03138125333735688,0.13757939955210066
2025-02-05 09:15:00+05:30,2025-02-05 10:15:00+05:30,LONG,50497.01666666666,50570.0,0.14452999038557834,4,4_bars,0.25384337886627817,0.0
2025-02-06 11:15:00+05:30,2025-02-06 12:15:00+05:30,SHORT,50408.01666666666,50489.0,-0.1606556629054781,4,4_bars,0.0,0.18247758871688177
2025-02-06 14:30:00+05:30,2025-02-07 09:15:00+05:30,LONG,50598.833333333336,50600.0,0.0023057185112915803,4,4_bars,0.06950094369764304,0.01745758301410591
2025-02-07 13:45:00+05:30,2025-02-07 14:45:00+05:30,SHORT,50251.25,50239.5,0.023382502922812867,4,4_bars,0.23531752941469117,0.0
2025-02-10 09:30:00+05:30,2025-02-10 10:30:00+05:30,SHORT,50198.65,50009.9,0.3760061276548274,4,4_bars,0.43158531155718616,0.0
2025-02-10 14:45:00+05:30,2025-02-11 09:30:00+05:30,LONG,50224.200000000004,49934.9,-0.5760171391480658,4,4_bars,0.031458938121454665,0.5760171391480658
2025-02-11 12:45:00+05:30,2025-02-11 13:45:00+05:30,SHORT,49736.76666666666,49573.6,0.3280604623139239,4,4_bars,0.37601291599841863,0.0
2025-02-12 09:15:00+05:30,2025-02-12 10:15:00+05:30,SHORT,49509.26666666666,49154.0,0.7175761035981065,4,4_bars,0.940160697189334,0.0
2025-02-12 11:45:00+05:30,2025-02-12 12:45:00+05:30,LONG,49580.6,49799.95,0.4424109429897955,4,4_bars,0.4424109429897955,0.013311658188885462
2025-02-12 14:00:00+05:30,2025-02-12 15:00:00+05:30,LONG,49541.083333333336,49748.4,0.4184742293012682,4,4_bars,0.4184742293012682,0.046594324912156926
2025-02-13 09:30:00+05:30,2025-02-13 10:30:00+05:30,LONG,49870.06666666667,49965.05,0.1904616129114123,4,4_bars,0.1904616129114123,0.0
2025-02-13 13:00:00+05:30,2025-02-13 14:00:00+05:30,SHORT,49690.53333333333,49521.0,0.3411783330963098,4,4_bars,0.3411783330963098,0.0
2025-02-14 10:30:00+05:30,2025-02-14 11:30:00+05:30,SHORT,49352.03333333333,49248.75,0.20927878013806833,4,4_bars,0.43095151094754147,0.0
2025-02-14 12:45:00+05:30,2025-02-14 13:45:00+05:30,SHORT,49028.583333333336,48950.2,0.15987272730364158,4,4_bars,0.15987272730364158,0.06316043532429311
2025-02-17 09:30:00+05:30,2025-02-17 10:30:00+05:30,SHORT,49010.13333333333,49175.0,-0.33639301804253124,4,4_bars,0.44936285285219235,0.33639301804253124
2025-02-17 13:30:00+05:30,2025-02-17 14:30:00+05:30,LONG,49320.799999999996,49344.0,0.04703897746996068,4,4_bars,0.04703897746996068,0.1536876936302648
2025-02-18 11:00:00+05:30,2025-02-18 12:00:00+05:30,SHORT,49030.25,49130.15,-0.2037517654917147,4,4_bars,0.0,0.274830334334416
2025-02-19 09:30:00+05:30,2025-02-19 10:30:00+05:30,LONG,49310.46666666667,49682.85,0.7551811177342972,4,4_bars,0.7551811177342972,0.0
2025-02-20 09:15:00+05:30,2025-02-20 10:15:00+05:30,SHORT,49412.01666666666,49422.6,-0.021418541576092506,4,4_bars,0.04425374259499224,0.021418541576092506
2025-02-21 09:15:00+05:30,2025-02-21 10:15:00+05:30,SHORT,49327.48333333334,48902.55,0.8614535034390922,4,4_bars,0.8614535034390922,0.0
2025-02-24 09:30:00+05:30,2025-02-24 10:30:00+05:30,SHORT,48417.71666666667,48499.0,-0.16787931965675,4,4_bars,0.0,0.22013291966474208
2025-02-24 14:30:00+05:30,2025-02-25 09:15:00+05:30,LONG,48815.56666666667,48690.7,-0.255792721857186,4,4_bars,0.06613327579247379,0.255792721857186
2025-02-27 09:30:00+05:30,2025-02-27 10:30:00+05:30,LONG,48894.4,48958.0,0.1300762459504535,4,4_bars,0.1300762459504535,0.0
2025-02-27 15:00:00+05:30,2025-02-28 09:45:00+05:30,SHORT,48793.65,48515.0,0.571078408768357,4,4_bars,0.6474203098149072,0.0
2025-02-28 12:30:00+05:30,2025-02-28 13:30:00+05:30,SHORT,48534.73333333334,48449.95,0.1746858950497447,4,4_bars,0.42182849121111315,0.0
2025-03-03 09:15:00+05:30,2025-03-03 10:15:00+05:30,SHORT,48571.73333333334,48339.4,0.4783303320449804,4,4_bars,0.7897254370168707,0.0
2025-03-04 09:30:00+05:30,2025-03-04 10:30:00+05:30,LONG,48449.0,48470.0,0.04334454787508514,4,4_bars,0.1436562158145649,0.10320130446448844
2025-03-05 09:15:00+05:30,2025-03-05 10:15:00+05:30,LONG,48607.71666666667,48677.0,0.14253566734774178,4,4_bars,0.354641906994873,0.0
2025-03-05 11:30:00+05:30,2025-03-05 12:30:00+05:30,LONG,48758.600000000006,48736.65,-0.04501769944174845,4,4_bars,0.07916552156951033,0.04501769944174845
2025-03-06 11:00:00+05:30,2025-03-06 12:00:00+05:30,LONG,48789.38333333333,48735.0,-0.11146550666930899,4,4_bars,0.0,0.23444308068387432
2025-03-07 10:15:00+05:30,2025-03-07 11:15:00+05:30,LONG,48819.26666666666,48782.3,-0.07572147062155764,4,4_bars,0.046463896084744494,0.17875456274775967
2025-03-07 12:45:00+05:30,2025-03-07 13:45:00+05:30,SHORT,48639.9,48542.85,0.199527548370788,4,4_bars,0.199527548370788,0.05283727968190125
2025-03-10 10:00:00+05:30,2025-03-10 11:00:00+05:30,SHORT,48603.98333333334,48602.15,0.003771981651714606,4,4_bars,0.028975677233592494,0.09467673945790338
2025-03-10 14:15:00+05:30,2025-03-10 15:15:00+05:30,SHORT,48383.083333333336,48260.0,0.2543933227350519,4,4_bars,0.2543933227350519,0.0
2025-03-11 13:45:00+05:30,2025-03-11 14:45:00+05:30,LONG,48087.73333333334,47956.95,-0.27196818038142806,4,4_bars,0.03590659294954524,0.27196818038142806
2025-03-12 09:15:00+05:30,2025-03-12 10:15:00+05:30,LONG,48120.53333333333,48239.8,0.24784984372576238,4,4_bars,0.2794371910535776,0.0
2025-03-12 11:30:00+05:30,2025-03-12 12:30:00+05:30,SHORT,48071.13333333333,48007.95,0.13143716187261578,4,4_bars,0.1791789112523484,0.0
2025-03-12 14:00:00+05:30,2025-03-12 15:00:00+05:30,LONG,48183.81666666667,48219.8,0.07467929239034946,4,4_bars,0.13808232293759534,0.05254184582722547
2025-03-13 09:45:00+05:30,2025-03-13 10:45:00+05:30,LONG,48281.13333333333,48364.0,0.17163364019348196,4,4_bars,0.3367084727367606,0.0
2025-03-13 15:15:00+05:30,2025-03-17 10:00:00+05:30,SHORT,48135.31666666667,48472.0,-0.6994517885170112,4,4_bars,0.0,0.7854593249100783
2025-03-17 11:30:00+05:30,2025-03-17 12:30:00+05:30,LONG,48546.700000000004,48490.0,-0.11679475638921773,4,4_bars,0.0,0.1313168557286227
2025-03-18 09:15:00+05:30,2025-03-18 10:15:00+05:30,LONG,48821.549999999996,49060.0,0.4884113675211139,4,4_bars,0.4884113675211139,0.0
2025-03-18 14:15:00+05:30,2025-03-18 15:15:00+05:30,LONG,49239.78333333333,49481.1,0.49008474516033074,4,4_bars,0.49008474516033074,0.0
2025-03-19 10:15:00+05:30,2025-03-19 11:15:00+05:30,LONG,49699.01666666666,49770.1,0.14302764541619523,4,4_bars,0.18306867909191474,0.0
2025-03-20 09:15:00+05:30,2025-03-20 10:15:00+05:30,LONG,50017.0,49927.8,-0.17833936461602473,4,4_bars,0.0,0.343883079752884
2025-03-20 13:00:00+05:30,2025-03-20 14:00:00+05:30,LONG,49988.76666666666,50097.65,0.2178156025720552,4,4_bars,0.3331415124598129,0.0
2025-03-21 09:30:00+05:30,2025-03-21 10:30:00+05:30,LONG,50170.01666666666,50385.2,0.42890823569589076,4,4_bars,0.4732574336398154,0.0
2025-03-21 11:15:00+05:30,2025-03-21 12:15:00+05:30,LONG,50517.68333333333,50501.0,-0.03302473952189091,4,4_bars,0.0,0.20276728181978595
2025-03-21 15:00:00+05:30,2025-03-24 09:45:00+05:30,LONG,50565.0,51355.05,1.5624443785226994,4,4_bars,1.5624443785226994,0.0
2025-03-24 10:30:00+05:30,2025-03-24 11:30:00+05:30,LONG,51564.4,51543.0,-0.041501501035601025,4,4_bars,0.3878644956597963,0.041501501035601025
2025-03-24 15:15:00+05:30,2025-03-25 10:00:00+05:30,LONG,51791.46666666667,51930.2,0.2678690955524139,4,4_bars,0.4660677692077937,0.03382153044517641
2025-03-25 15:15:00+05:30,2025-03-26 10:00:00+05:30,SHORT,51624.86666666667,51808.0,-0.35473860788017797,4,4_bars,0.0,0.35473860788017797
2025-03-26 11:45:00+05:30,2025-03-26 12:45:00+05:30,SHORT,51548.166666666664,51491.05,0.11080251803328538,4,4_bars,0.11080251803328538,0.0
2025-03-27 09:15:00+05:30,2025-03-27 10:15:00+05:30,SHORT,51321.166666666664,51615.0,-0.5725382964144147,4,4_bars,0.0,0.59864838094744
2025-03-28 09:45:00+05:30,2025-03-28 10:45:00+05:30,LONG,51887.18333333333,52001.65,0.22060682294376702,4,4_bars,0.22060682294376702,0.022420437159961698
2025-03-28 12:15:00+05:30,2025-03-28 13:15:00+05:30,SHORT,51736.466666666674,51704.5,0.06178749482958072,4,4_bars,0.11358848111005647,0.026158209489874136
2025-04-01 09:15:00+05:30,2025-04-01 10:15:00+05:30,SHORT,51690.28333333333,51403.65,0.5545207239142587,4,4_bars,0.5545207239142587,0.3755380202017373
2025-04-01 11:30:00+05:30,2025-04-01 12:30:00+05:30,SHORT,51120.299999999996,51224.1,-0.20305045158186263,4,4_bars,0.0,0.20305045158186263
2025-04-02 09:15:00+05:30,2025-04-02 10:15:00+05:30,LONG,51283.51666666666,51440.0,0.30513378080222114,4,4_bars,0.30513378080222114,0.0
2025-04-02 11:00:00+05:30,2025-04-02 12:00:00+05:30,LONG,51502.5,51504.8,0.004465802630945897,4,4_bars,0.004465802630945897,0.218435998252512
2025-04-03 10:15:00+05:30,2025-04-03 11:15:00+05:30,LONG,51713.65,51689.75,-0.046216037738588275,4,4_bars,0.051050351309570016,0.046216037738588275
2025-04-03 13:30:00+05:30,2025-04-03 14:30:00+05:30,LONG,51770.166666666664,51816.0,0.08853232717685364,4,4_bars,0.0989630449969652,0.0
2025-04-04 13:30:00+05:30,2025-04-04 14:30:00+05:30,SHORT,51692.76666666666,51545.0,0.28585559681785805,4,4_bars,0.28585559681785805,0.03720701090998009
2025-04-07 09:15:00+05:30,2025-04-07 10:15:00+05:30,SHORT,50262.76666666666,50090.15,0.3434285020787316,4,4_bars,0.676776646463945,0.0
2025-04-07 12:00:00+05:30,2025-04-07 13:00:00+05:30,SHORT,49590.15,49522.6,0.13621656720135533,4,4_bars,0.2679967695197563,0.0
2025-04-07 15:00:00+05:30,2025-04-08 09:45:00+05:30,LONG,50049.38333333333,50599.9,1.0999469523933596,4,4_bars,1.7040502996540456,0.0
2025-04-08 12:30:00+05:30,2025-04-08 13:30:00+05:30,LONG,50807.450000000004,50729.05,-0.1543080788348981,4,4_bars,0.18019010991497433,0.1543080788348981
2025-04-09 09:45:00+05:30,2025-04-09 10:45:00+05:30,SHORT,50524.13333333333,50266.4,0.5101192565401023,4,4_bars,0.5101192565401023,0.0
2025-04-11 09:15:00+05:30,2025-04-11 10:15:00+05:30,LONG,50963.03333333333,51001.65,0.07577387792851539,4,4_bars,0.38207432707760164,0.0
2025-04-11 14:00:00+05:30,2025-04-11 15:00:00+05:30,SHORT,51147.166666666664,51180.0,-0.06419384586308612,4,4_bars,0.13034283423975437,0.07064581615795988
2025-04-15 09:15:00+05:30,2025-04-15 10:15:00+05:30,LONG,52044.4,52250.0,0.39504730576200037,4,4_bars,0.47574763086902444,0.0
2025-04-16 09:15:00+05:30,2025-04-16 10:15:00+05:30,LONG,52587.86666666667,52715.0,0.2417541181869545,4,4_bars,0.34824256038781704,0.0
2025-04-16 13:45:00+05:30,2025-04-16 14:45:00+05:30,LONG,52876.6,53100.0,0.42249312550353363,4,4_bars,0.479985475616819,0.0
2025-04-17 09:30:00+05:30,2025-04-17 10:30:00+05:30,LONG,53266.200000000004,53411.0,0.27184218134576077,4,4_bars,0.31201775234575974,0.0
2025-04-17 11:15:00+05:30,2025-04-17 12:15:00+05:30,LONG,53502.06666666667,53800.0,0.5568632239751368,4,4_bars,0.5568632239751368,0.0
2025-04-17 13:00:00+05:30,2025-04-17 14:00:00+05:30,LONG,54167.93333333333,54187.2,0.03556839901590621,4,4_bars,0.16590381271085827,0.0327376959800262
2025-04-21 09:15:00+05:30,2025-04-21 10:15:00+05:30,LONG,54905.93333333333,55146.0,0.4372326488090656,4,4_bars,0.5199195229659597,0.0
2025-04-22 09:30:00+05:30,2025-04-22 10:30:00+05:30,LONG,55477.0,55811.4,0.6027723200605682,4,4_bars,0.6027723200605682,0.0
2025-04-23 10:00:00+05:30,2025-04-23 11:00:00+05:30,SHORT,55416.0,55263.8,0.27464992060054333,4,4_bars,0.337447668543381,0.0
2025-04-24 15:00:00+05:30,2025-04-25 09:45:00+05:30,SHORT,55238.666666666664,54937.0,0.5461150401892351,4,4_bars,0.5461150401892351,0.10560235583770261
2025-04-25 10:45:00+05:30,2025-04-25 11:45:00+05:30,SHORT,54644.26666666666,54476.2,0.3075650510453046,4,4_bars,0.3075650510453046,0.0
2025-04-25 13:30:00+05:30,2025-04-25 14:30:00+05:30,LONG,54835.06666666667,54794.6,-0.0737970593026988,4,4_bars,0.4466728103427618,0.0737970593026988
2025-04-28 09:15:00+05:30,2025-04-28 10:15:00+05:30,LONG,55080.73333333334,55399.0,0.5778184991485155,4,4_bars,0.7590070817260948,0.0
2025-04-28 12:15:00+05:30,2025-04-28 13:15:00+05:30,LONG,55681.73333333334,55708.8,0.04860959788129027,4,4_bars,0.1653444696405506,0.0
2025-04-29 09:15:00+05:30,2025-04-29 10:15:00+05:30,LONG,55979.73333333334,55626.2,-0.6315380804481743,4,4_bars,0.0,0.6315380804481743
2025-04-29 15:15:00+05:30,2025-04-30 10:00:00+05:30,SHORT,55475.06666666667,55370.0,0.18939439459890622,4,4_bars,0.18939439459890622,0.026919000247547294
2025-05-02 09:30:00+05:30,2025-05-02 10:30:00+05:30,LONG,55804.46666666667,55696.4,-0.19365235996640476,4,4_bars,0.0,0.19365235996640476
2025-05-02 11:15:00+05:30,2025-05-02 12:15:00+05:30,SHORT,55499.200000000004,55152.8,0.6241531409461784,4,4_bars,0.6241531409461784,0.0
2025-05-02 14:15:00+05:30,2025-05-02 15:15:00+05:30,SHORT,55203.533333333326,55191.8,0.021254678142563332,4,4_bars,0.021254678142563332,0.1856161380974547
2025-05-06 09:15:00+05:30,2025-05-06 10:15:00+05:30,SHORT,54983.93333333333,54718.4,0.4829289525788605,4,4_bars,0.4829289525788605,0.0
2025-05-06 11:30:00+05:30,2025-05-06 12:30:00+05:30,SHORT,54610.333333333336,54644.0,-0.06164889428740147,4,4_bars,0.009766161471276666,0.17334936611507756
2025-05-06 15:15:00+05:30,2025-05-07 10:00:00+05:30,SHORT,54315.666666666664,54432.8,-0.2156529423677736,4,4_bars,0.0,0.7333672912051203
2025-05-07 15:00:00+05:30,2025-05-08 09:45:00+05:30,LONG,54595.73333333334,54788.8,0.35362958766008395,4,4_bars,0.44631082282375706,0.0
2025-05-08 13:30:00+05:30,2025-05-08 14:30:00+05:30,SHORT,54706.53333333333,54592.0,0.20935951586525833,4,4_bars,0.3625404887655145,0.0
2025-05-08 15:15:00+05:30,2025-05-09 10:00:00+05:30,SHORT,54250.13333333333,53840.2,0.7556356236298055,4,4_bars,0.9034693616728403,0.0
2025-05-09 13:15:00+05:30,2025-05-09 14:15:00+05:30,SHORT,53678.0,53615.2,0.11699392674839396,4,4_bars,0.11699392674839396,0.04098513357427624
2025-05-12 09:45:00+05:30,2025-05-12 10:45:00+05:30,LONG,55336.799999999996,55408.8,0.13011233031184904,4,4_bars,0.1384250625262137,0.04843070072717547
2025-05-12 15:15:00+05:30,2025-05-13 10:00:00+05:30,LONG,55618.93333333333,55318.2,-0.5407031658284169,4,4_bars,0.0,0.6813027698002007
2025-05-14 11:45:00+05:30,2025-05-14 12:45:00+05:30,SHORT,54967.73333333334,54662.2,0.5558412450455905,4,4_bars,0.5558412450455905,0.0
2025-05-15 10:45:00+05:30,2025-05-15 11:45:00+05:30,LONG,54975.0,54817.2,-0.28703956343793163,4,4_bars,0.0,0.3379718053660808
2025-05-15 13:00:00+05:30,2025-05-15 14:00:00+05:30,LONG,55062.4,55464.0,0.7293543325390802,4,4_bars,0.7293543325390802,0.0
2025-05-19 10:15:00+05:30,2025-05-19 11:15:00+05:30,LONG,55639.73333333334,55740.0,0.18020695042870344,4,4_bars,0.2183092178730665,0.0
2025-05-19 14:00:00+05:30,2025-05-19 15:00:00+05:30,SHORT,55537.53333333333,55512.0,0.04597491426218578,4,4_bars,0.10143290483433264,0.0
2025-05-20 09:30:00+05:30,2025-05-20 10:30:00+05:30,SHORT,55344.73333333334,55420.0,-0.13599607791647042,4,4_bars,0.026982392784138998,0.13599607791647042
2025-05-20 11:30:00+05:30,2025-05-20 12:30:00+05:30,SHORT,55273.799999999996,55331.4,-0.10420850384812665,4,4_bars,0.0,0.10420850384812665
2025-05-20 14:15:00+05:30,2025-05-20 15:15:00+05:30,SHORT,55085.13333333333,55087.0,-0.003388694106217298,4,4_bars,0.0910106417097379,0.08653272449796773
2025-05-21 11:45:00+05:30,2025-05-21 12:45:00+05:30,SHORT,55148.46666666667,55014.6,0.24273869203979428,4,4_bars,0.45054138706787944,0.0
2025-05-22 11:30:00+05:30,2025-05-22 12:30:00+05:30,SHORT,54776.06666666667,54788.8,-0.02324616225333802,4,4_bars,0.04649232450670261,0.02324616225333802
2025-05-22 14:45:00+05:30,2025-05-23 09:30:00+05:30,LONG,54991.799999999996,55265.0,0.4968013412908913,4,4_bars,0.4968013412908913,0.0
2025-05-23 10:45:00+05:30,2025-05-23 11:45:00+05:30,LONG,55345.4,55360.0,0.0263797894675954,4,4_bars,0.22766119677516106,0.0
2025-05-26 09:15:00+05:30,2025-05-26 10:15:00+05:30,LONG,55817.06666666666,55609.0,-0.37276531908996496,4,4_bars,0.20232760350479712,0.37276531908996496
2025-05-26 10:30:00+05:30,2025-05-26 11:30:00+05:30,SHORT,55491.200000000004,55510.2,-0.034239663225867745,4,4_bars,0.0,0.06992099648231725
2025-05-27 09:15:00+05:30,2025-05-27 10:15:00+05:30,SHORT,55364.200000000004,55160.0,0.36883039942779694,4,4_bars,0.36883039942779694,0.0
2025-05-27 11:15:00+05:30,2025-05-27 12:15:00+05:30,LONG,55726.200000000004,55650.6,-0.13566329661811827,4,4_bars,0.06424267220803793,0.13566329661811827
2025-05-27 13:45:00+05:30,2025-05-27 14:45:00+05:30,SHORT,55539.26666666666,55472.0,0.12111551106783812,4,4_bars,0.4239643063346051,0.0
2025-05-28 09:15:00+05:30,2025-05-28 10:15:00+05:30,SHORT,55403.46666666667,55370.0,0.060405365729221186,4,4_bars,0.060405365729221186,0.19589628567165382
2025-05-29 10:00:00+05:30,2025-05-29 11:00:00+05:30,SHORT,55379.666666666664,55181.8,0.35729118388818043,4,4_bars,0.35729118388818043,0.0
2025-05-29 15:00:00+05:30,2025-05-30 09:45:00+05:30,LONG,55445.0,55860.0,0.7484894940932456,4,4_bars,0.9468842997565156,0.0
2025-05-30 13:15:00+05:30,2025-05-30 14:15:00+05:30,LONG,55994.666666666664,56090.0,0.17025430993428378,4,4_bars,0.17025430993428378,0.008334127059715642
2025-06-02 12:30:00+05:30,2025-06-02 13:30:00+05:30,LONG,56080.0,56155.4,0.13445078459344054,4,4_bars,0.13445078459344054,0.0955777460770302
2025-06-03 10:15:00+05:30,2025-06-03 11:15:00+05:30,LONG,56229.06666666667,56097.6,-0.23380552881310687,4,4_bars,0.0,0.3102784325070445
2025-06-03 12:45:00+05:30,2025-06-03 13:45:00+05:30,SHORT,55926.13333333333,55956.0,-0.05340377545620046,4,4_bars,0.0832049894384489,0.05340377545620046
2025-06-03 15:15:00+05:30,2025-06-04 10:00:00+05:30,SHORT,55896.0,55809.6,0.15457277801631863,4,4_bars,0.25046514956347504,0.0
2025-06-05 12:00:00+05:30,2025-06-05 13:00:00+05:30,LONG,56136.333333333336,56046.2,-0.1605614901816506,4,4_bars,0.0,0.1605614901816506
2025-06-06 09:15:00+05:30,2025-06-06 10:15:00+05:30,SHORT,55971.6,56297.0,-0.5813662643197648,4,4_bars,0.20188810039377114,0.5813662643197648
2025-06-06 10:30:00+05:30,2025-06-06 11:30:00+05:30,LONG,56515.333333333336,56763.2,0.4385830394111238,4,4_bars,0.4385830394111238,0.0
2025-06-09 09:15:00+05:30,2025-06-09 10:15:00+05:30,LONG,57003.4,57105.0,0.17823498247472702,4,4_bars,0.19191837679857948,0.0
2025-06-10 09:15:00+05:30,2025-06-10 10:15:00+05:30,SHORT,56903.06666666667,56883.0,0.03526464888829595,4,4_bars,0.15019694310559903,0.05295555248338833
2025-06-10 15:15:00+05:30,2025-06-11 10:00:00+05:30,SHORT,56752.06666666667,56751.8,0.0004698800983518875,4,4_bars,0.12346099584039753,0.0
2025-06-11 10:30:00+05:30,2025-06-11 11:30:00+05:30,LONG,56809.73333333334,56865.2,0.09763585113347925,4,4_bars,0.10010021756834157,0.0
2025-06-11 13:45:00+05:30,2025-06-11 14:45:00+05:30,SHORT,56664.6,56679.0,-0.025412691521693363,4,4_bars,0.11894551448347196,0.025412691521693363
2025-06-12 10:30:00+05:30,2025-06-12 11:30:00+05:30,SHORT,56517.0,56481.8,0.06228214519524584,4,4_bars,0.08280694304369113,0.012031778049087727
2025-06-12 13:15:00+05:30,2025-06-12 14:15:00+05:30,SHORT,56418.93333333333,56329.8,0.15798478997592558,4,4_bars,0.2909188877492499,0.0
2025-06-12 15:15:00+05:30,2025-06-13 10:00:00+05:30,SHORT,56236.13333333333,55581.6,1.1639017381470032,4,4_bars,1.1969765583693486,0.0
2025-06-13 11:00:00+05:30,2025-06-13 12:00:00+05:30,SHORT,55602.93333333333,55626.0,-0.041484621914442715,4,4_bars,0.0,0.11522173890107654
2025-06-13 13:30:00+05:30,2025-06-13 14:30:00+05:30,LONG,55709.666666666664,55620.2,-0.16059451082696688,4,4_bars,0.0,0.16059451082696688
2025-06-13 14:45:00+05:30,2025-06-16 09:30:00+05:30,SHORT,55561.46666666667,55582.0,-0.036956067874377295,4,4_bars,0.0,0.16978193520209886
2025-06-16 10:15:00+05:30,2025-06-16 11:15:00+05:30,LONG,55699.93333333333,55830.0,0.23351314603609277,4,4_bars,0.3512870751491113,0.0
2025-06-16 12:30:00+05:30,2025-06-16 13:30:00+05:30,LONG,55971.6,56001.2,0.05288396258102063,4,4_bars,0.06145974029686744,0.03680437936381763
2025-06-18 09:30:00+05:30,2025-06-18 10:30:00+05:30,LONG,55930.46666666667,55995.0,0.11538136042729158,4,4_bars,0.12432103194800123,0.0
2025-06-19 09:15:00+05:30,2025-06-19 10:15:00+05:30,LONG,55901.13333333333,55874.8,-0.04710697576792447,4,4_bars,0.13213804848321847,0.04710697576792447
2025-06-19 12:30:00+05:30,2025-06-19 13:30:00+05:30,SHORT,55686.73333333334,55685.4,0.002394346469121476,4,4_bars,0.002394346469121476,0.06943604760439213
2025-06-19 15:15:00+05:30,2025-06-20 10:00:00+05:30,SHORT,55640.4,55866.0,-0.4054607802963288,4,4_bars,0.0,0.4054607802963288
2025-06-23 09:15:00+05:30,2025-06-23 10:15:00+05:30,SHORT,56000.333333333336,55943.2,0.10202320224285333,4,4_bars,0.23845096160141815,0.0
2025-06-23 13:15:00+05:30,2025-06-23 14:15:00+05:30,LONG,56148.13333333334,56130.0,-0.032295523033129034,4,4_bars,0.08382587963742057,0.032295523033129034
2025-06-24 09:15:00+05:30,2025-06-24 10:15:00+05:30,LONG,56590.86666666666,56625.0,0.06031597560502461,4,4_bars,0.07268546278964687,0.03651943835459475
2025-06-24 11:15:00+05:30,2025-06-24 12:15:00+05:30,LONG,56750.200000000004,56794.8,0.07859003140076783,4,4_bars,0.20229003598224432,0.0
2025-06-24 13:30:00+05:30,2025-06-24 14:30:00+05:30,SHORT,56455.666666666664,56506.2,-0.08950976282274502,4,4_bars,0.01889388133461225,0.08950976282274502
2025-06-25 09:30:00+05:30,2025-06-25 10:30:00+05:30,LONG,56625.86666666667,56625.0,-0.001530513734598217,4,4_bars,0.0,0.054863030793934627
2025-06-26 09:30:00+05:30,2025-06-26 10:30:00+05:30,LONG,56729.799999999996,56633.0,-0.17063342370323117,4,4_bars,0.053939904600414285,0.17063342370323117
2025-06-26 11:45:00+05:30,2025-06-26 12:45:00+05:30,LONG,56707.6,56877.8,0.30013613695519537,4,4_bars,0.5523069218235376,0.0
2025-06-26 14:00:00+05:30,2025-06-26 15:00:00+05:30,LONG,57119.799999999996,57206.0,0.1509108925451496,4,4_bars,0.1964292592060973,0.0
2025-06-30 12:00:00+05:30,2025-06-30 13:00:00+05:30,LONG,57745.46666666667,57649.6,-0.16601591813268216,4,4_bars,0.0,0.16601591813268216
2025-06-30 13:45:00+05:30,2025-06-30 14:45:00+05:30,SHORT,57575.4,57583.2,-0.013547452557855671,4,4_bars,0.11220069682537775,0.013547452557855671
2025-07-01 10:00:00+05:30,2025-07-01 11:00:00+05:30,SHORT,57464.73333333334,57436.0,0.05000168219117095,4,4_bars,0.09489878429785942,0.026567019076041046
2025-07-01 12:45:00+05:30,2025-07-01 13:45:00+05:30,LONG,57627.13333333333,57700.0,0.12644506580812384,4,4_bars,0.12644506580812384,0.0
2025-07-02 09:30:00+05:30,2025-07-02 10:30:00+05:30,SHORT,57551.799999999996,57492.4,0.10321136784599992,4,4_bars,0.10321136784599992,0.0
2025-07-02 12:45:00+05:30,2025-07-02 13:45:00+05:30,SHORT,57386.53333333333,57238.0,0.2588295976524101,4,4_bars,0.33724520735410546,0.0
2025-07-03 09:45:00+05:30,2025-07-03 10:45:00+05:30,LONG,57390.19999999999,57320.0,-0.12232053556180293,4,4_bars,0.031015748333356893,0.12232053556180293
2025-07-03 14:15:00+05:30,2025-07-03 15:15:00+05:30,SHORT,57195.80000000001,57111.0,0.14826263466899697,4,4_bars,0.14826263466899697,0.0
2025-07-04 11:30:00+05:30,2025-07-04 12:30:00+05:30,SHORT,57005.86666666667,56964.4,0.07274105121344321,4,4_bars,0.12571805474992898,0.0
2025-07-04 13:45:00+05:30,2025-07-04 14:45:00+05:30,LONG,57066.53333333333,57291.4,0.39404297673593036,4,4_bars,0.407360764861601,0.0
2025-07-07 10:45:00+05:30,2025-07-07 11:45:00+05:30,LONG,57308.13333333333,57223.0,-0.14855366661160033,4,4_bars,0.0,0.16530521554822342
2025-07-07 12:45:00+05:30,2025-07-07 13:45:00+05:30,SHORT,57119.26666666666,57185.0,-0.11508084254116921,4,4_bars,0.0,0.11823214350325482
2025-07-08 15:00:00+05:30,2025-07-09 09:45:00+05:30,LONG,57444.0,57366.0,-0.13578441612701067,4,4_bars,0.002088991017333559,0.2764431446278165
2025-07-09 13:00:00+05:30,2025-07-09 14:00:00+05:30,LONG,57440.73333333334,57418.4,-0.03888065495914471,4,4_bars,0.05060288227517817,0.03888065495914471
2025-07-10 11:15:00+05:30,2025-07-10 12:15:00+05:30,SHORT,57281.86666666667,57282.0,-0.00023276708859242204,4,4_bars,0.11149543543739601,0.00023276708859242204
2025-07-10 13:30:00+05:30,2025-07-10 14:30:00+05:30,SHORT,57203.19999999999,57244.4,-0.07202394271651175,4,4_bars,0.0,0.14229973148356867
2025-07-11 10:00:00+05:30,2025-07-11 11:00:00+05:30,SHORT,57031.53333333333,56890.0,0.24816680362793364,4,4_bars,0.2737666764468278,0.0
2025-07-11 12:30:00+05:30,2025-07-11 13:30:00+05:30,SHORT,56963.6,56890.0,0.1292053170796764,4,4_bars,0.1292053170796764,0.0
2025-07-14 09:45:00+05:30,2025-07-14 10:45:00+05:30,LONG,57025.200000000004,56895.2,-0.22796938897190586,4,4_bars,0.007014442737583952,0.22796938897190586
2025-07-14 14:45:00+05:30,2025-07-15 09:30:00+05:30,LONG,56962.6,57032.6,0.1228876490890514,4,4_bars,0.13868748968621517,0.0
2025-07-16 10:30:00+05:30,2025-07-16 11:30:00+05:30,SHORT,57113.53333333333,57109.4,0.007237047144689687,4,4_bars,0.007237047144689687,0.03583505602291661
2025-07-16 12:30:00+05:30,2025-07-16 13:30:00+05:30,LONG,57263.46666666667,57307.8,0.07741992567687558,4,4_bars,0.11444178487272777,0.0
2025-07-17 09:30:00+05:30,2025-07-17 10:30:00+05:30,SHORT,57128.666666666664,57053.0,0.13244955830697533,4,4_bars,0.13244955830697533,0.037342606747346505
2025-07-17 15:15:00+05:30,2025-07-18 10:00:00+05:30,SHORT,56954.73333333334,56564.6,0.684988429407691,4,4_bars,0.684988429407691,0.0
2025-07-18 15:15:00+05:30,2025-07-21 10:00:00+05:30,SHORT,56393.80000000001,56773.0,-0.6724143434207125,4,4_bars,0.05922636885616633,0.6724143434207125
2025-07-21 12:45:00+05:30,2025-07-21 13:45:00+05:30,LONG,56936.666666666664,56845.6,-0.1599437972015673,4,4_bars,0.10245301797319084,0.1599437972015673
2025-07-22 09:15:00+05:30,2025-07-22 10:15:00+05:30,LONG,57094.466666666674,57076.8,-0.030942870120522215,4,4_bars,0.0,0.11291228455298252
2025-07-22 14:15:00+05:30,2025-07-22 15:15:00+05:30,SHORT,56835.200000000004,56750.0,0.14990709982546796,4,4_bars,0.14990709982546796,0.07530544451325169
2025-07-23 12:15:00+05:30,2025-07-23 13:15:00+05:30,LONG,57056.666666666664,57158.0,0.1776012151662133,4,4_bars,0.1776012151662133,0.0
2025-07-24 09:15:00+05:30,2025-07-24 10:15:00+05:30,LONG,57207.13333333333,57109.8,-0.17014195199432325,4,4_bars,0.0,0.2568444261613079
2025-07-24 12:00:00+05:30,2025-07-24 13:00:00+05:30,SHORT,56974.4,56992.0,-0.03089106686511581,4,4_bars,0.036156589626215534,0.08003594596871322
2025-07-24 14:00:00+05:30,2025-07-24 15:00:00+05:30,LONG,57126.4,57124.2,-0.0038511091194340366,4,4_bars,0.024156957203667017,0.05496583015908836
2025-07-25 10:30:00+05:30,2025-07-25 11:30:00+05:30,SHORT,56823.533333333326,56706.8,0.2054313177755977,4,4_bars,0.2054313177755977,0.0
2025-07-25 12:15:00+05:30,2025-07-25 13:15:00+05:30,SHORT,56572.26666666666,56605.2,-0.05821462577658954,4,4_bars,0.0,0.06493169798158559
2025-07-28 09:15:00+05:30,2025-07-28 10:15:00+05:30,SHORT,56395.6,56650.0,-0.4510990219095133,4,4_bars,0.0,0.4510990219095133
2025-07-28 12:45:00+05:30,2025-07-28 13:45:00+05:30,SHORT,56366.06666666667,56120.0,0.4365510691420836,4,4_bars,0.44542165439964404,0.0
2025-07-29 10:15:00+05:30,2025-07-29 11:15:00+05:30,SHORT,56052.06666666667,56094.2,-0.07516820670303702,4,4_bars,0.07504926966714216,0.07516820670303702
2025-07-29 13:00:00+05:30,2025-07-29 14:00:00+05:30,LONG,56134.666666666664,56357.8,0.39749649652028224,4,4_bars,0.39749649652028224,0.0
2025-07-30 09:15:00+05:30,2025-07-30 10:15:00+05:30,SHORT,56215.93333333333,56183.0,0.05858362812914316,4,4_bars,0.05858362812914316,0.13460003628865277
2025-07-31 09:15:00+05:30,2025-07-31 10:15:00+05:30,SHORT,55870.6,55606.2,0.47323637118627954,4,4_bars,0.5233521744889109,0.0
2025-07-31 11:30:00+05:30,2025-07-31 12:30:00+05:30,LONG,56011.333333333336,56245.2,0.4175345465798493,4,4_bars,0.4175345465798493,0.0
2025-07-31 15:00:00+05:30,2025-08-01 09:45:00+05:30,SHORT,56020.93333333333,56055.8,-0.06223863936577735,4,4_bars,0.11162494020091106,0.08223116596892288
2025-08-01 15:00:00+05:30,2025-08-04 09:45:00+05:30,SHORT,55801.06666666667,55710.0,0.16319879189885192,4,4_bars,0.16319879189885192,0.2131381001079914
2025-08-05 09:30:00+05:30,2025-08-05 10:30:00+05:30,SHORT,55716.26666666666,55633.4,0.14872975456598192,4,4_bars,0.14872975456598192,0.0
2025-08-05 13:15:00+05:30,2025-08-05 14:15:00+05:30,SHORT,55517.86666666667,55473.4,0.08009433599754161,4,4_bars,0.1582673685828501,0.0
2025-08-07 09:15:00+05:30,2025-08-07 10:15:00+05:30,SHORT,55462.93333333333,55311.6,0.2728549036954323,4,4_bars,0.2728549036954323,0.0
2025-08-07 13:15:00+05:30,2025-08-07 14:15:00+05:30,SHORT,55228.4,55435.0,-0.37408289937785366,4,4_bars,0.07496143288598159,0.37408289937785366
2025-08-08 13:15:00+05:30,2025-08-08 14:15:00+05:30,SHORT,55305.6,55297.0,0.015549962390786005,4,4_bars,0.015549962390786005,0.13452525603194154
2025-08-08 15:00:00+05:30,2025-08-11 09:45:00+05:30,SHORT,55191.4,55257.6,-0.11994622350583077,4,4_bars,0.19097178183557847,0.2438785752852773
2025-08-12 09:45:00+05:30,2025-08-12 10:45:00+05:30,LONG,55639.26666666666,55422.6,-0.3894132321418044,4,4_bars,0.0,0.3894132321418044
2025-08-12 14:00:00+05:30,2025-08-12 15:00:00+05:30,SHORT,55393.4,55288.8,0.18883116039094647,4,4_bars,0.18883116039094647,0.0
2025-08-14 09:30:00+05:30,2025-08-14 10:30:00+05:30,LONG,55515.0,55544.2,0.052598396829680434,4,4_bars,0.09907232279564081,0.0072052598396829684
2025-08-14 12:45:00+05:30,2025-08-14 13:45:00+05:30,LONG,55555.666666666664,55519.0,-0.06599986800025964,4,4_bars,0.007079985840030067,0.13619972760054042
2025-08-18 09:15:00+05:30,2025-08-18 10:15:00+05:30,LONG,56114.53333333333,56137.2,0.04039357599575673,4,4_bars,0.15943582054797537,0.0
2025-08-18 12:00:00+05:30,2025-08-18 13:00:00+05:30,SHORT,55880.6,55898.2,-0.031495724813259955,4,4_bars,0.08196046570723227,0.031495724813259955
2025-08-19 09:30:00+05:30,2025-08-19 10:30:00+05:30,SHORT,55799.4,55855.0,-0.09964264848725711,4,4_bars,0.0,0.09964264848725711
2025-08-20 09:15:00+05:30,2025-08-20 10:15:00+05:30,SHORT,55801.0,55804.6,-0.0064514972849922855,4,4_bars,0.023297073529148223,0.02867332126664397
2025-08-21 09:15:00+05:30,2025-08-21 10:15:00+05:30,LONG,55896.0,56038.6,0.2551166451982227,4,4_bars,0.2651352511807591,0.031129240017177356
2025-08-21 15:00:00+05:30,2025-08-22 09:45:00+05:30,SHORT,55921.666666666664,55500.0,0.7540309361308931,4,4_bars,0.7540309361308931,0.0
2025-08-22 10:30:00+05:30,2025-08-22 11:30:00+05:30,SHORT,55408.06666666667,55463.0,-0.0991432053816358,4,4_bars,0.0,0.0991432053816358
2025-08-22 14:15:00+05:30,2025-08-22 15:15:00+05:30,SHORT,55306.46666666667,55260.0,0.08401669726385308,4,4_bars,0.08401669726385308,0.018322149188096257
2025-08-25 10:00:00+05:30,2025-08-25 11:00:00+05:30,SHORT,55216.46666666667,55240.0,-0.04262013626369824,4,4_bars,0.005191687986799723,0.07666795050269261
2025-08-26 09:15:00+05:30,2025-08-26 10:15:00+05:30,SHORT,54848.73333333334,54657.8,0.34810892016953465,4,4_bars,0.4564067720798215,0.0
2025-08-26 15:00:00+05:30,2025-08-28 09:45:00+05:30,SHORT,54525.26666666666,54193.8,0.6079138845721554,4,4_bars,0.933634437367873,0.0
2025-08-28 13:00:00+05:30,2025-08-28 14:00:00+05:30,SHORT,54053.46666666667,54045.0,0.01566350354340607,4,4_bars,0.17402522440743676,0.009496769864895609
2025-08-28 14:45:00+05:30,2025-08-29 09:30:00+05:30,SHORT,53868.0,54349.0,-0.8929234424890473,4,4_bars,0.09690354199152947,0.8929234424890473
2025-08-29 13:45:00+05:30,2025-08-29 14:45:00+05:30,SHORT,54163.93333333333,54130.2,0.06228006582485382,4,4_bars,0.12025222195826027,0.02043180025085507
2025-09-02 13:15:00+05:30,2025-09-02 14:15:00+05:30,SHORT,54267.86666666666,54031.2,0.43610829244561716,4,4_bars,0.43610829244561716,0.0
2025-09-03 10:00:00+05:30,2025-09-03 11:00:00+05:30,SHORT,54163.73333333334,54071.8,0.16973226857823864,4,4_bars,0.22844314030545138,0.0
2025-09-03 14:00:00+05:30,2025-09-03 15:00:00+05:30,LONG,54180.73333333334,54384.2,0.3755332461354526,4,4_bars,0.3755332461354526,0.0
2025-09-04 09:45:00+05:30,2025-09-04 10:45:00+05:30,LONG,54596.26666666666,54478.0,-0.2166204282588238,4,4_bars,0.0,0.32248847296029837
2025-09-04 14:15:00+05:30,2025-09-04 15:15:00+05:30,SHORT,54281.86666666667,54302.8,-0.03856413682654177,4,4_bars,0.024071881585991325,0.08425158555096963
2025-09-05 10:00:00+05:30,2025-09-05 11:00:00+05:30,SHORT,54208.86666666667,54165.0,0.08092157125587439,4,4_bars,0.12962209134299688,0.0
2025-09-05 13:30:00+05:30,2025-09-05 14:30:00+05:30,LONG,54198.26666666666,54314.6,0.21464401075557601,4,4_bars,0.3574530058771939,0.0
2025-09-08 09:15:00+05:30,2025-09-08 10:15:00+05:30,LONG,54396.200000000004,54405.2,0.016545273383053824,4,4_bars,0.23604590026508132,0.0
2025-09-08 11:00:00+05:30,2025-09-08 12:00:00+05:30,LONG,54452.6,54544.6,0.16895428317472444,4,4_bars,0.1972357610104962,0.0
2025-09-08 14:30:00+05:30,2025-09-09 09:15:00+05:30,LONG,54714.93333333333,54480.0,-0.42937698909741956,4,4_bars,0.0,0.42937698909741956
2025-09-09 12:00:00+05:30,2025-09-09 13:00:00+05:30,SHORT,54383.86666666667,54421.4,-0.0690155658908638,4,4_bars,0.0,0.0690155658908638
2025-09-10 09:15:00+05:30,2025-09-10 10:15:00+05:30,LONG,54687.53333333333,54885.2,0.3614473987368192,4,4_bars,0.3614473987368192,0.0
2025-09-10 13:00:00+05:30,2025-09-10 14:00:00+05:30,LONG,54758.533333333326,54807.8,0.0899707564605042,4,4_bars,0.0899707564605042,0.0
2025-09-11 12:15:00+05:30,2025-09-11 13:15:00+05:30,LONG,54902.26666666666,54910.0,0.014085635808607565,4,4_bars,0.014085635808607565,0.04674973953716102
2025-09-12 11:15:00+05:30,2025-09-12 12:15:00+05:30,LONG,55002.200000000004,55015.0,0.023271796400863298,4,4_bars,0.023271796400863298,0.03127147641367866
2025-09-15 11:45:00+05:30,2025-09-15 12:45:00+05:30,LONG,55159.06666666667,55145.0,-0.025502002692829533,4,4_bars,0.027073216128857075,0.025502002692829533
2025-09-16 09:30:00+05:30,2025-09-16 10:30:00+05:30,LONG,55145.73333333334,55262.8,0.2122859913006247,4,4_bars,0.2122859913006247,0.0
2025-09-16 11:30:00+05:30,2025-09-16 12:30:00+05:30,LONG,55322.13333333333,55317.2,-0.008917467632004376,4,4_bars,0.009158480270703644,0.029524048241080996
2025-09-17 09:15:00+05:30,2025-09-17 10:15:00+05:30,LONG,55425.200000000004,55513.4,0.15913339058766965,4,4_bars,0.16598947771048678,0.0
2025-09-17 14:45:00+05:30,2025-09-18 09:30:00+05:30,LONG,55675.0,55878.0,0.3646160754378087,4,4_bars,0.37898518185900315,0.0
2025-09-18 13:00:00+05:30,2025-09-18 14:00:00+05:30,SHORT,55742.0,55770.0,-0.05023142334326002,4,4_bars,0.0,0.1345484553837322
2025-09-19 09:30:00+05:30,2025-09-19 10:30:00+05:30,SHORT,55729.4,55638.0,0.16400678995288206,4,4_bars,0.16400678995288206,0.001076631006252615
2025-09-22 09:15:00+05:30,2025-09-22 10:15:00+05:30,LONG,55655.6,55807.2,0.27238948102257193,4,4_bars,0.27238948102257193,0.0
2025-09-22 13:45:00+05:30,2025-09-22 14:45:00+05:30,SHORT,55707.333333333336,55482.0,0.40449491987889524,4,4_bars,0.4662462153396989,0.0
2025-09-23 09:15:00+05:30,2025-09-23 10:15:00+05:30,SHORT,55435.80000000001,55437.6,-0.0032469992315225147,4,4_bars,0.09524531079196147,0.09704919925389072
2025-09-23 11:00:00+05:30,2025-09-23 12:00:00+05:30,SHORT,55409.06666666667,55481.0,-0.12982231548145012,4,4_bars,0.030440264890479803,0.12982231548145012
2025-09-23 12:15:00+05:30,2025-09-23 13:15:00+05:30,LONG,55551.799999999996,55721.8,0.3060206869984542,4,4_bars,0.3060206869984542,0.0
2025-09-24 09:30:00+05:30,2025-09-24 10:30:00+05:30,SHORT,55421.93333333333,55334.8,0.15721814107289195,4,4_bars,0.15721814107289195,0.08997641126438971
2025-09-24 13:15:00+05:30,2025-09-24 14:15:00+05:30,SHORT,55401.4,55265.0,0.2462031645409709,4,4_bars,0.2462031645409709,0.0
2025-09-25 13:00:00+05:30,2025-09-25 14:00:00+05:30,LONG,55374.799999999996,55360.0,-0.02672695883325201,4,4_bars,0.050925691830949034,0.02672695883325201
2025-09-25 15:00:00+05:30,2025-09-26 09:45:00+05:30,SHORT,55172.333333333336,54811.6,0.6538301201689323,4,4_bars,0.6951551804346372,0.0
2025-09-26 10:45:00+05:30,2025-09-26 11:45:00+05:30,SHORT,54770.13333333333,54700.6,0.12695483669931942,4,4_bars,0.1313367869593178,0.0
2025-09-26 13:30:00+05:30,2025-09-26 14:30:00+05:30,SHORT,54567.533333333326,54499.8,0.12412753371050186,4,4_bars,0.2395808007936148,0.0
2025-09-29 11:15:00+05:30,2025-09-29 12:15:00+05:30,SHORT,54580.666666666664,54400.0,0.3310085378216907,4,4_bars,0.422616066739134,0.0
2025-09-29 13:00:00+05:30,2025-09-29 14:00:00+05:30,SHORT,54505.26666666666,54672.6,-0.3070039714816594,4,4_bars,0.0,0.3070039714816594
2025-10-01 09:15:00+05:30,2025-10-01 10:15:00+05:30,LONG,55038.200000000004,55195.8,0.28634657383417067,4,4_bars,0.34884861786903043,0.0
2025-10-01 11:45:00+05:30,2025-10-01 12:45:00+05:30,LONG,55597.6,55478.4,-0.21439774378749638,4,4_bars,0.0,0.21439774378749638
2025-10-03 09:45:00+05:30,2025-10-03 10:45:00+05:30,LONG,55759.333333333336,55705.0,-0.09744258061431108,4,4_bars,0.038857470797111826,0.12434390655077611
2025-10-03 14:30:00+05:30,2025-10-06 09:15:00+05:30,LONG,55846.93333333333,56033.4,0.3338888199173117,4,4_bars,0.3338888199173117,0.0
2025-10-06 12:00:00+05:30,2025-10-06 13:00:00+05:30,LONG,56256.73333333334,56350.8,0.16720961401953488,4,4_bars,0.16720961401953488,0.0
2025-10-07 09:30:00+05:30,2025-10-07 10:30:00+05:30,LONG,56439.19999999999,56525.4,0.15273072616197902,4,4_bars,0.15273072616197902,0.0
2025-10-07 12:00:00+05:30,2025-10-07 13:00:00+05:30,LONG,56544.0,56588.4,0.07852292020373772,4,4_bars,0.08135257498585173,0.0
2025-10-07 15:00:00+05:30,2025-10-08 09:45:00+05:30,SHORT,56483.13333333334,56360.0,0.21800018176518532,4,4_bars,0.21800018176518532,0.0
2025-10-08 10:45:00+05:30,2025-10-08 11:45:00+05:30,SHORT,56254.666666666664,56157.2,0.17325969993600618,4,4_bars,0.3016046076177341,0.0
2025-10-08 12:45:00+05:30,2025-10-08 13:45:00+05:30,SHORT,56270.0,56425.0,-0.2754576150701972,4,4_bars,0.0,0.2754576150701972
2025-10-10 09:15:00+05:30,2025-10-10 10:15:00+05:30,LONG,56569.4,56844.0,0.4854214469306702,4,4_bars,0.4854214469306702,0.0
2025-10-10 12:45:00+05:30,2025-10-10 13:45:00+05:30,LONG,56953.0,56950.0,-0.005267501272979474,4,4_bars,0.03862834266851614,0.008779168788299124
2025-10-10 15:00:00+05:30,2025-10-13 09:45:00+05:30,SHORT,56869.93333333333,56745.0,0.21968257392012716,4,4_bars,0.37442163345832485,0.05111078027171882
2025-10-13 14:15:00+05:30,2025-10-13 15:15:00+05:30,LONG,56898.86666666667,56891.4,-0.013122698401726487,4,4_bars,0.02413639170316797,0.10697342536407041
2025-10-14 11:00:00+05:30,2025-10-14 12:00:00+05:30,SHORT,56692.53333333333,56503.6,0.333259641481302,4,4_bars,0.333259641481302,0.0
2025-10-14 14:30:00+05:30,2025-10-15 09:15:00+05:30,LONG,56700.666666666664,56889.0,0.3321536489870826,4,4_bars,0.3321536489870826,0.07172167287862148
2025-10-15 10:00:00+05:30,2025-10-15 11:00:00+05:30,LONG,56858.73333333334,57010.0,0.26603945919770067,4,4_bars,0.3363892500829473,0.0
2025-10-16 10:15:00+05:30,2025-10-16 11:15:00+05:30,LONG,57218.13333333333,57248.0,0.05219790462697479,4,4_bars,0.05219790462697479,0.0
2025-10-16 12:15:00+05:30,2025-10-16 13:15:00+05:30,LONG,57332.06666666667,57463.6,0.2294236733136992,4,4_bars,0.2294236733136992,0.0
2025-10-16 14:00:00+05:30,2025-10-16 15:00:00+05:30,LONG,57535.73333333334,57470.0,-0.1142478413415035,4,4_bars,0.05781914080060875,0.1142478413415035
2025-10-17 10:00:00+05:30,2025-10-17 11:00:00+05:30,LONG,57581.26666666666,57897.8,0.5497158219282084,4,4_bars,0.5497158219282084,0.0
2025-10-17 12:45:00+05:30,2025-10-17 13:45:00+05:30,SHORT,57680.666666666664,57527.4,0.2657158377734818,4,4_bars,0.3132187561401237,0.0
2025-10-17 14:30:00+05:30,2025-10-20 09:15:00+05:30,LONG,57703.19999999999,58078.8,0.6509171068502495,4,4_bars,0.6509171068502495,0.0
2025-10-20 10:30:00+05:30,2025-10-20 11:30:00+05:30,LONG,58123.86666666666,58141.0,0.029477277263049724,4,4_bars,0.098295823402444,0.0
2025-10-20 14:15:00+05:30,2025-10-20 15:15:00+05:30,SHORT,58040.200000000004,58133.0,-0.15988918025781376,4,4_bars,0.005513420008897911,0.15988918025781376
2025-10-21 14:30:00+05:30,2025-10-23 10:00:00+05:30,SHORT,57934.06666666667,58526.4,-1.0224266436213036,4,4_bars,0.0,1.0224266436213036
2025-10-23 14:00:00+05:30,2025-10-23 15:00:00+05:30,SHORT,58286.6,58100.0,0.320142193917639,4,4_bars,0.320142193917639,0.01441154570690597
2025-10-24 10:15:00+05:30,2025-10-24 11:15:00+05:30,SHORT,57916.4,57810.0,0.18371307608898593,4,4_bars,0.18371307608898593,0.0
2025-10-24 12:45:00+05:30,2025-10-24 13:45:00+05:30,SHORT,57744.6,57535.8,0.3615922527820708,4,4_bars,0.4052326970833637,0.0
2025-10-27 09:15:00+05:30,2025-10-27 10:15:00+05:30,LONG,57931.93333333333,58197.2,0.4578936890304658,4,4_bars,0.4578936890304658,0.0
2025-10-28 10:00:00+05:30,2025-10-28 11:00:00+05:30,SHORT,57977.73333333334,57824.2,0.26481430802171196,4,4_bars,0.26481430802171196,0.0
2025-10-28 12:30:00+05:30,2025-10-28 13:30:00+05:30,LONG,58105.26666666666,58051.6,-0.09236110553374549,4,4_bars,0.1637258355238114,0.09236110553374549
2025-10-28 15:00:00+05:30,2025-10-29 09:45:00+05:30,LONG,58170.466666666674,58549.2,0.6510749441010546,4,4_bars,0.7813816174759795,0.0
2025-10-29 12:00:00+05:30,2025-10-29 13:00:00+05:30,LONG,58678.466666666674,58735.2,0.09668509856538399,4,4_bars,0.09668509856538399,0.0
2025-10-30 09:30:00+05:30,2025-10-30 10:30:00+05:30,SHORT,58514.533333333326,58530.0,-0.026432179811752343,4,4_bars,0.2059887116362982,0.11290642324756867
2025-10-31 10:15:00+05:30,2025-10-31 11:15:00+05:30,SHORT,58289.4,58166.0,0.21170229921735592,4,4_bars,0.2617971706691071,0.0
2025-11-03 09:45:00+05:30,2025-11-03 10:45:00+05:30,LONG,58323.53333333333,58399.0,0.12939316662342212,4,4_bars,0.17225751069036824,0.05818120301353651
2025-11-04 09:15:00+05:30,2025-11-04 10:15:00+05:30,SHORT,58271.6,58187.8,0.14380933422112255,4,4_bars,0.18636865986174836,0.0
2025-11-06 09:15:00+05:30,2025-11-06 10:15:00+05:30,SHORT,58085.799999999996,57937.2,0.25582844688374534,4,4_bars,0.3164284558360144,0.0
2025-11-06 11:00:00+05:30,2025-11-06 12:00:00+05:30,SHORT,57951.799999999996,57884.0,0.11699377758757389,4,4_bars,0.17152185091747657,0.0
2025-11-07 09:15:00+05:30,2025-11-07 10:15:00+05:30,SHORT,57591.86666666666,57638.8,-0.08149298859331107,4,4_bars,0.02060476132045497,0.08149298859331107
2025-11-07 11:45:00+05:30,2025-11-07 12:45:00+05:30,LONG,58034.26666666666,58156.6,0.21079500157378706,4,4_bars,0.21079500157378706,0.02665092117988891
2025-11-11 09:15:00+05:30,2025-11-11 10:15:00+05:30,SHORT,58154.0,57924.8,0.39412594146575836,4,4_bars,0.39412594146575836,0.0
2025-11-11 13:00:00+05:30,2025-11-11 14:00:00+05:30,LONG,58195.333333333336,58302.6,0.18432176692288518,4,4_bars,0.21422107156358053,0.0
2025-11-12 09:15:00+05:30,2025-11-12 10:15:00+05:30,LONG,58580.666666666664,58485.0,-0.16330757587827197,4,4_bars,0.01388398902938171,0.16330757587827197
2025-11-12 12:30:00+05:30,2025-11-12 13:30:00+05:30,LONG,58646.80000000001,58639.4,-0.012617909246555193,4,4_bars,0.048084464966528115,0.04433319465001888
2025-11-12 15:00:00+05:30,2025-11-13 09:45:00+05:30,SHORT,58551.06666666667,58585.0,-0.057955106994908766,4,4_bars,0.10429642044666358,0.057955106994908766
2025-11-13 10:00:00+05:30,2025-11-13 11:00:00+05:30,LONG,58634.6,58721.2,0.14769436476073605,4,4_bars,0.14769436476073605,0.0
