time,direction,status,price,time_diff_minutes,tv_signal_raw,tv_prediction,tv_start_long,tv_start_short,tv_filter_all,tv_vol_filter,tv_reg_filter,tv_adx_filter,tv_kernel_bullish,tv_kernel_bearish,tv_price_minus_kernel,tv_recent_atr,tv_historical_atr,match_entry_time,sys_signal_raw,sys_prediction,sys_start_long,sys_start_short,sys_filter_all,sys_vol_filter,sys_reg_filter,sys_adx_filter,sys_kernel_bullish,sys_kernel_bearish,sys_price_minus_kernel,sys_recent_atr,sys_historical_atr
2025-06-02 09:15:00+05:30,SHORT,late,55785.4,1650.0,1,1.0,False,False,True,True,True,True,False,True,-188.8620998509432,381.0,121.71948120882067,2025-06-03 12:45:00+05:30,-1,-3.0,False,True,True,True,True,False,False,True,-188.20849979491322,179.0,106.20646414904984
2025-06-04 14:45:00+05:30,LONG,late,56030.4,1275.0,-1,-1.0,False,False,False,True,False,False,True,False,81.82938568304235,74.40000000000146,64.49075888194017,2025-06-05 12:00:00+05:30,1,1.0,True,False,True,True,True,False,True,False,170.6969755355458,170.1999999999971,78.50443636465214
2025-06-06 09:30:00+05:30,SHORT,early,55858.6,-4125.0,1,1.0,False,False,True,True,True,False,False,True,-141.47001169848954,95.0,81.98388803289473,2025-06-03 12:45:00+05:30,-1,-3.0,False,True,True,True,True,False,False,True,-188.20849979491322,179.0,106.20646414904984
2025-06-18 11:30:00+05:30,SHORT,late,55840.0,1500.0,1,3.0,False,False,False,True,False,True,False,True,-45.08277745753003,115.0,93.24232115012225,2025-06-19 12:30:00+05:30,-1,-3.0,False,True,True,True,True,True,False,True,-122.99011740952847,81.0,69.2234977266593
2025-07-08 09:15:00+05:30,LONG,late,57299.0,345.0,-1,-1.0,False,False,True,True,True,False,True,False,103.47512653805461,230.8000000000029,87.9412112670518,2025-07-08 15:00:00+05:30,1,1.0,True,False,True,True,True,True,True,False,91.92444359612273,102.80000000000291,65.88640204180271
2025-07-24 09:45:00+05:30,SHORT,late,57106.2,135.0,1,3.0,False,False,False,True,False,True,False,True,-50.39458708980237,93.40000000000146,85.66921870940064,2025-07-24 12:00:00+05:30,-1,-3.0,False,True,True,True,True,True,False,True,-119.68155722591473,88.19999999999709,77.87193557284387
2025-07-28 10:15:00+05:30,LONG,late,56650.0,1605.0,-1,-1.0,False,False,False,False,True,True,True,False,79.68257036794239,107.19999999999709,109.9680432135319,2025-07-29 13:00:00+05:30,1,1.0,True,False,True,True,True,True,True,False,76.01342348431353,102.19999999999709,87.14618058283469
2025-08-06 13:30:00+05:30,LONG,late,55701.0,8415.0,-1,-1.0,False,False,True,True,True,True,True,False,129.21450038679905,94.80000000000291,87.81143317792296,2025-08-12 09:45:00+05:30,1,3.0,True,False,True,True,True,False,True,False,158.89966587543313,103.19999999999709,84.71910925408902
2025-08-11 14:30:00+05:30,LONG,late,55510.0,1155.0,-1,-1.0,False,False,False,True,False,False,True,False,80.01644924909488,106.59999999999854,80.57719681787567,2025-08-12 09:45:00+05:30,1,3.0,True,False,True,True,True,False,True,False,158.89966587543313,103.19999999999709,84.71910925408902
2025-08-12 10:30:00+05:30,SHORT,late,55445.0,210.0,1,1.0,False,False,True,True,True,False,False,True,-75.38796012740931,138.8000000000029,99.2490306462317,2025-08-12 14:00:00+05:30,-1,-1.0,False,True,True,True,True,False,False,True,-100.24913691770053,120.0,84.64678493289833
2025-08-21 13:30:00+05:30,SHORT,late,55895.2,90.0,1,1.0,False,False,True,True,True,True,False,True,-64.124642482544,89.0,57.539541279747866,2025-08-21 15:00:00+05:30,-1,-1.0,False,True,True,True,True,False,False,True,-61.63195757883659,81.19999999999709,55.582970357251064
2025-08-29 09:15:00+05:30,LONG,late,54308.4,7485.0,-1,-3.0,False,False,True,True,True,True,True,False,280.8343928645336,572.8000000000029,145.5717083539497,2025-09-03 14:00:00+05:30,1,1.0,True,False,True,True,True,True,True,False,87.2840099680252,84.80000000000291,78.31225094590084
2025-09-05 12:30:00+05:30,SHORT,early,54036.0,-150.0,1,1.0,False,False,True,True,True,True,False,True,-122.60689739235386,106.19999999999709,88.20288203488897,2025-09-05 10:00:00+05:30,-1,-1.0,False,True,True,True,True,True,False,True,-175.47885326803953,174.60000000000582,105.94626387244901
2025-09-15 09:15:00+05:30,LONG,late,55117.0,150.0,-1,-1.0,False,False,True,True,True,True,True,False,98.81041791164171,126.19999999999709,47.54782154607615,2025-09-15 11:45:00+05:30,1,3.0,True,False,True,True,True,True,True,False,78.53747322766867,60.599999999998545,49.365461736358924
2025-09-29 09:30:00+05:30,LONG,late,54693.4,2865.0,-1,-1.0,False,False,True,True,True,True,True,False,126.78061957127647,125.59999999999854,84.80761423928837,2025-10-01 09:15:00+05:30,1,1.0,True,False,True,True,True,False,True,False,379.06130241376377,465.8000000000029,127.32957259720888
2025-09-30 09:15:00+05:30,LONG,late,54698.8,1440.0,-1,-1.0,False,False,True,True,True,True,True,False,119.26290057320875,215.0,114.31344579297297,2025-10-01 09:15:00+05:30,1,1.0,True,False,True,True,True,False,True,False,379.06130241376377,465.8000000000029,127.32957259720888
2025-10-08 13:00:00+05:30,LONG,early,56344.4,-1500.0,-1,-1.0,False,False,True,True,True,True,True,False,99.96184083326807,110.0,93.76905526125616,2025-10-07 12:00:00+05:30,1,1.0,True,False,True,True,True,True,True,False,117.96976524227648,139.8000000000029,73.13905778160503
2025-10-09 11:00:00+05:30,LONG,late,56405.2,1335.0,-1,-1.0,False,False,True,True,True,True,True,False,144.2507507512346,107.40000000000146,94.64560230529581,2025-10-10 09:15:00+05:30,1,1.0,True,False,True,True,True,True,True,False,230.3192170186303,284.0,89.18719057742338
2025-10-16 09:15:00+05:30,LONG,late,57245.0,60.0,-1,-1.0,False,False,True,True,True,True,True,False,215.09053826433956,285.40000000000146,80.76210268487668,2025-10-16 10:15:00+05:30,1,1.0,True,False,True,True,True,True,True,False,149.08708558972285,120.59999999999854,82.6376155715481
