time,direction,price,match_entry_time,match_entry_price,time_diff_minutes,status,entry_time,exit_time,entry_price,exit_price,pnl_pct,bars_held,exit_reason,max_favorable_pct,max_adverse_pct,dir_num,sys_entry_price,sys_exit_price,sys_pnl_pct,tv_entry_price,tv_exit_price,tv_pnl_pct,pnl_diff_pct
2025-06-02 09:15:00+05:30,SHORT,55785.4,2025-06-03 12:45:00+05:30,55926.13333333333,1650.0,late,2025-06-03 12:45:00+05:30,2025-06-03 13:45:00+05:30,55926.13333333333,55956.0,-0.0534037754562004,4,4_bars,0.0832049894384489,0.0534037754562004,-1,55926.13333333333,55956.0,-0.05340377545620046,55785.4,55956.0,-0.3058147830794411,-0.25241100762324065
2025-06-02 12:30:00+05:30,LONG,56098.2,2025-06-05 12:00:00+05:30,56136.333333333336,4290.0,late,2025-06-05 12:00:00+05:30,2025-06-05 13:00:00+05:30,56136.333333333336,56046.2,-0.1605614901816506,4,4_bars,0.0,0.1605614901816506,1,56136.333333333336,56046.2,-0.1605614901816506,56098.2,56046.2,-0.09269459626155564,0.06786689392009497
2025-06-03 09:15:00+05:30,LONG,56118.0,2025-06-05 12:00:00+05:30,56136.333333333336,3045.0,late,2025-06-05 12:00:00+05:30,2025-06-05 13:00:00+05:30,56136.333333333336,56046.2,-0.1605614901816506,4,4_bars,0.0,0.1605614901816506,1,56136.333333333336,56046.2,-0.1605614901816506,56118.0,56046.2,-0.1279446879789068,0.03261680220274382
2025-06-04 14:45:00+05:30,LONG,56030.4,2025-06-05 12:00:00+05:30,56136.333333333336,1275.0,late,2025-06-05 12:00:00+05:30,2025-06-05 13:00:00+05:30,56136.333333333336,56046.2,-0.1605614901816506,4,4_bars,0.0,0.1605614901816506,1,56136.333333333336,56046.2,-0.1605614901816506,56030.4,56046.2,0.02819897769781339,0.188760467879464
2025-06-06 09:30:00+05:30,SHORT,55858.6,2025-06-03 12:45:00+05:30,55926.13333333333,-4125.0,early,2025-06-03 12:45:00+05:30,2025-06-03 13:45:00+05:30,55926.13333333333,55956.0,-0.0534037754562004,4,4_bars,0.0832049894384489,0.0534037754562004,-1,55926.13333333333,55956.0,-0.05340377545620046,55858.6,55956.0,-0.17436885278184822,-0.12096507732564776
2025-06-13 09:15:00+05:30,SHORT,55685.0,2025-06-13 11:00:00+05:30,55602.93333333333,105.0,late,2025-06-13 11:00:00+05:30,2025-06-13 12:00:00+05:30,55602.93333333333,55626.0,-0.0414846219144427,4,4_bars,0.0,0.1152217389010765,-1,55602.93333333333,55626.0,-0.041484621914442715,55685.0,55626.0,0.10595312920894318,0.1474377511233859
2025-06-16 11:00:00+05:30,LONG,55895.6,2025-06-16 10:15:00+05:30,55699.93333333333,-45.0,early,2025-06-16 10:15:00+05:30,2025-06-16 11:15:00+05:30,55699.93333333333,55830.0,0.2335131460360927,4,4_bars,0.3512870751491113,0.0,1,55699.93333333333,55830.0,0.23351314603609277,55895.6,55830.0,-0.11736165279556629,-0.35087479883165906
2025-06-18 11:30:00+05:30,SHORT,55840.0,2025-06-19 12:30:00+05:30,55686.73333333334,1500.0,late,2025-06-19 12:30:00+05:30,2025-06-19 13:30:00+05:30,55686.73333333334,55685.4,0.0023943464691214,4,4_bars,0.0023943464691214,0.0694360476043921,-1,55686.73333333334,55685.4,0.002394346469121476,55840.0,55685.4,0.27686246418337845,0.274468117714257
2025-06-20 09:30:00+05:30,LONG,55833.0,2025-06-19 09:15:00+05:30,55901.13333333333,-1455.0,early,2025-06-19 09:15:00+05:30,2025-06-19 10:15:00+05:30,55901.13333333333,55874.8,-0.0471069757679244,4,4_bars,0.1321380484832184,0.0471069757679244,1,55901.13333333333,55874.8,-0.04710697576792447,55833.0,55874.8,0.07486611860369838,0.12197309437162285
2025-07-08 09:15:00+05:30,LONG,57299.0,2025-07-08 15:00:00+05:30,57444.0,345.0,late,2025-07-08 15:00:00+05:30,2025-07-09 09:45:00+05:30,57444.0,57366.0,-0.1357844161270106,4,4_bars,0.0020889910173335,0.2764431446278165,1,57444.0,57366.0,-0.13578441612701067,57299.0,57366.0,0.11693048744306184,0.25271490357007254
2025-07-11 09:15:00+05:30,SHORT,57208.6,2025-07-11 10:00:00+05:30,57031.53333333333,45.0,late,2025-07-11 10:00:00+05:30,2025-07-11 11:00:00+05:30,57031.53333333333,56890.0,0.2481668036279336,4,4_bars,0.2737666764468278,0.0,-1,57031.53333333333,56890.0,0.24816680362793364,57208.6,56890.0,0.5569092758780998,0.30874247225016616
2025-07-18 11:00:00+05:30,SHORT,56457.0,2025-07-18 15:15:00+05:30,56393.80000000001,255.0,late,2025-07-18 15:15:00+05:30,2025-07-21 10:00:00+05:30,56393.80000000001,56773.0,-0.6724143434207125,4,4_bars,0.0592263688561663,0.6724143434207125,-1,56393.80000000001,56773.0,-0.6724143434207125,56457.0,56773.0,-0.5597180154808085,0.11269632793990403
2025-07-21 09:45:00+05:30,LONG,56744.8,2025-07-21 12:45:00+05:30,56936.66666666666,180.0,late,2025-07-21 12:45:00+05:30,2025-07-21 13:45:00+05:30,56936.66666666666,56845.6,-0.1599437972015673,4,4_bars,0.1024530179731908,0.1599437972015673,1,56936.66666666666,56845.6,-0.15994379720155452,56744.8,56845.6,0.17763742228362006,0.3375812194851746
2025-07-23 14:45:00+05:30,LONG,57235.0,2025-07-23 12:15:00+05:30,57056.66666666666,-150.0,early,2025-07-23 12:15:00+05:30,2025-07-23 13:15:00+05:30,57056.66666666666,57158.0,0.1776012151662133,4,4_bars,0.1776012151662133,0.0,1,57056.66666666666,57158.0,0.17760121516622607,57235.0,57158.0,-0.1345330654319909,-0.31213428059821696
2025-07-24 09:45:00+05:30,SHORT,57106.2,2025-07-24 12:00:00+05:30,56974.4,135.0,late,2025-07-24 12:00:00+05:30,2025-07-24 13:00:00+05:30,56974.4,56992.0,-0.0308910668651158,4,4_bars,0.0361565896262155,0.0800359459687132,-1,56974.4,56992.0,-0.03089106686511581,57106.2,56992.0,0.19997828607050916,0.23086935293562497
2025-07-28 10:15:00+05:30,LONG,56650.0,2025-07-29 13:00:00+05:30,56134.66666666666,1605.0,late,2025-07-29 13:00:00+05:30,2025-07-29 14:00:00+05:30,56134.66666666666,56357.8,0.3974964965202822,4,4_bars,0.3974964965202822,0.0,1,56134.66666666666,56357.8,0.39749649652029523,56650.0,56357.8,-0.5157987643424485,-0.9132952608627438
2025-07-29 09:15:00+05:30,SHORT,56157.6,2025-07-29 10:15:00+05:30,56052.06666666667,60.0,late,2025-07-29 10:15:00+05:30,2025-07-29 11:15:00+05:30,56052.06666666667,56094.2,-0.075168206703037,4,4_bars,0.0750492696671421,0.075168206703037,-1,56052.06666666667,56094.2,-0.07516820670303702,56157.6,56094.2,0.11289656253116491,0.18806476923420193
2025-08-06 13:30:00+05:30,LONG,55701.0,2025-08-12 09:45:00+05:30,55639.26666666666,8415.0,late,2025-08-12 09:45:00+05:30,2025-08-12 10:45:00+05:30,55639.26666666666,55422.6,-0.3894132321418044,4,4_bars,0.0,0.3894132321418044,1,55639.26666666666,55422.6,-0.3894132321418044,55701.0,55422.6,-0.4998114935099935,-0.11039826136818909
2025-08-07 14:15:00+05:30,LONG,55435.0,2025-08-12 09:45:00+05:30,55639.26666666666,6930.0,late,2025-08-12 09:45:00+05:30,2025-08-12 10:45:00+05:30,55639.26666666666,55422.6,-0.3894132321418044,4,4_bars,0.0,0.3894132321418044,1,55639.26666666666,55422.6,-0.3894132321418044,55435.0,55422.6,-0.022368539731219363,0.367044692410585
2025-08-11 14:30:00+05:30,LONG,55510.0,2025-08-12 09:45:00+05:30,55639.26666666666,1155.0,late,2025-08-12 09:45:00+05:30,2025-08-12 10:45:00+05:30,55639.26666666666,55422.6,-0.3894132321418044,4,4_bars,0.0,0.3894132321418044,1,55639.26666666666,55422.6,-0.3894132321418044,55510.0,55422.6,-0.15744910826878303,0.23196412387302137
2025-08-12 10:30:00+05:30,SHORT,55445.0,2025-08-12 14:00:00+05:30,55393.4,210.0,late,2025-08-12 14:00:00+05:30,2025-08-12 15:00:00+05:30,55393.4,55288.8,0.1888311603909464,4,4_bars,0.1888311603909464,0.0,-1,55393.4,55288.8,0.18883116039094647,55445.0,55288.8,0.281720624041838,0.09288946365089154
2025-08-21 13:30:00+05:30,SHORT,55895.2,2025-08-21 15:00:00+05:30,55921.66666666666,90.0,late,2025-08-21 15:00:00+05:30,2025-08-22 09:45:00+05:30,55921.66666666666,55500.0,0.7540309361308931,4,4_bars,0.7540309361308931,0.0,-1,55921.66666666666,55500.0,0.7540309361308801,55895.2,55500.0,0.7070374558101538,-0.046993480320726366
2025-08-22 09:15:00+05:30,SHORT,55648.6,2025-08-22 10:30:00+05:30,55408.06666666667,75.0,late,2025-08-22 10:30:00+05:30,2025-08-22 11:30:00+05:30,55408.06666666667,55463.0,-0.0991432053816358,4,4_bars,0.0,0.0991432053816358,-1,55408.06666666667,55463.0,-0.0991432053816358,55648.6,55463.0,0.3335214183285807,0.43266462371021647
2025-08-26 14:15:00+05:30,SHORT,54596.2,2025-08-26 15:00:00+05:30,54525.26666666666,45.0,late,2025-08-26 15:00:00+05:30,2025-08-28 09:45:00+05:30,54525.26666666666,54193.8,0.6079138845721554,4,4_bars,0.933634437367873,0.0,-1,54525.26666666666,54193.8,0.6079138845721554,54596.2,54193.8,0.7370476333517612,0.1291337487796057
2025-08-29 09:15:00+05:30,LONG,54308.4,2025-09-03 14:00:00+05:30,54180.73333333334,7485.0,late,2025-09-03 14:00:00+05:30,2025-09-03 15:00:00+05:30,54180.73333333334,54384.2,0.3755332461354526,4,4_bars,0.3755332461354526,0.0,1,54180.73333333334,54384.2,0.3755332461354526,54308.4,54384.2,0.1395732520199373,-0.23595999411551527
2025-09-02 10:00:00+05:30,LONG,54427.6,2025-09-03 14:00:00+05:30,54180.73333333334,1680.0,late,2025-09-03 14:00:00+05:30,2025-09-03 15:00:00+05:30,54180.73333333334,54384.2,0.3755332461354526,4,4_bars,0.3755332461354526,0.0,1,54180.73333333334,54384.2,0.3755332461354526,54427.6,54384.2,-0.0797389559708704,-0.45527220210632297
2025-09-05 12:30:00+05:30,SHORT,54036.0,2025-09-05 10:00:00+05:30,54208.86666666667,-150.0,early,2025-09-05 10:00:00+05:30,2025-09-05 11:00:00+05:30,54208.86666666667,54165.0,0.0809215712558743,4,4_bars,0.1296220913429968,0.0,-1,54208.86666666667,54165.0,0.08092157125587439,54036.0,54165.0,-0.23872973573173442,-0.3196513069876088
2025-09-15 09:15:00+05:30,LONG,55117.0,2025-09-15 11:45:00+05:30,55159.06666666667,150.0,late,2025-09-15 11:45:00+05:30,2025-09-15 12:45:00+05:30,55159.06666666667,55145.0,-0.0255020026928295,4,4_bars,0.027073216128857,0.0255020026928295,1,55159.06666666667,55145.0,-0.025502002692829533,55117.0,55145.0,0.0508010232777546,0.07630302597058414
2025-09-17 12:30:00+05:30,LONG,55585.4,2025-09-17 14:45:00+05:30,55675.0,135.0,late,2025-09-17 14:45:00+05:30,2025-09-18 09:30:00+05:30,55675.0,55878.0,0.3646160754378087,4,4_bars,0.3789851818590031,0.0,1,55675.0,55878.0,0.3646160754378087,55585.4,55878.0,0.5263972194137283,0.16178114397591958
2025-09-29 09:30:00+05:30,LONG,54693.4,2025-10-01 09:15:00+05:30,55038.2,2865.0,late,2025-10-01 09:15:00+05:30,2025-10-01 10:15:00+05:30,55038.2,55195.8,0.2863465738341706,4,4_bars,0.3488486178690304,0.0,1,55038.2,55195.8,0.28634657383418394,54693.4,55195.8,0.9185751845743754,0.6322286107401914
2025-09-30 09:15:00+05:30,LONG,54698.8,2025-10-01 09:15:00+05:30,55038.2,1440.0,late,2025-10-01 09:15:00+05:30,2025-10-01 10:15:00+05:30,55038.2,55195.8,0.2863465738341706,4,4_bars,0.3488486178690304,0.0,1,55038.2,55195.8,0.28634657383418394,54698.8,55195.8,0.908612254747819,0.6222656809136351
2025-10-06 09:15:00+05:30,LONG,56033.4,2025-10-06 12:00:00+05:30,56256.73333333334,165.0,late,2025-10-06 12:00:00+05:30,2025-10-06 13:00:00+05:30,56256.73333333334,56350.8,0.1672096140195348,4,4_bars,0.1672096140195348,0.0,1,56256.73333333334,56350.8,0.16720961401953488,56033.4,56350.8,0.5664478685926634,0.3992382545731285
2025-10-07 13:45:00+05:30,LONG,56626.8,2025-10-07 12:00:00+05:30,56544.0,-105.0,early,2025-10-07 12:00:00+05:30,2025-10-07 13:00:00+05:30,56544.0,56588.4,0.0785229202037377,4,4_bars,0.0813525749858517,0.0,1,56544.0,56588.4,0.07852292020373772,56626.8,56588.4,-0.06781241391002397,-0.1463353341137617
2025-10-08 13:00:00+05:30,LONG,56344.4,2025-10-07 12:00:00+05:30,56544.0,-1500.0,early,2025-10-07 12:00:00+05:30,2025-10-07 13:00:00+05:30,56544.0,56588.4,0.0785229202037377,4,4_bars,0.0813525749858517,0.0,1,56544.0,56588.4,0.07852292020373772,56344.4,56588.4,0.43305102192941974,0.35452810172568205
2025-10-09 11:00:00+05:30,LONG,56405.2,2025-10-10 09:15:00+05:30,56569.4,1335.0,late,2025-10-10 09:15:00+05:30,2025-10-10 10:15:00+05:30,56569.4,56844.0,0.4854214469306702,4,4_bars,0.4854214469306702,0.0,1,56569.4,56844.0,0.4854214469306702,56405.2,56844.0,0.777942459205894,0.2925210122752238
2025-10-13 09:15:00+05:30,SHORT,56657.0,2025-10-14 11:00:00+05:30,56692.53333333333,1545.0,late,2025-10-14 11:00:00+05:30,2025-10-14 12:00:00+05:30,56692.53333333333,56503.6,0.333259641481302,4,4_bars,0.333259641481302,0.0,-1,56692.53333333333,56503.6,0.333259641481302,56657.0,56503.6,0.270752069470677,-0.06250757201062501
2025-10-16 09:15:00+05:30,LONG,57245.0,2025-10-16 10:15:00+05:30,57218.13333333333,60.0,late,2025-10-16 10:15:00+05:30,2025-10-16 11:15:00+05:30,57218.13333333333,57248.0,0.0521979046269747,4,4_bars,0.0521979046269747,0.0,1,57218.13333333333,57248.0,0.05219790462697479,57245.0,57248.0,0.00524063236963927,-0.046957272257335515
2025-10-20 09:15:00+05:30,LONG,58078.8,2025-10-20 10:30:00+05:30,58123.86666666666,75.0,late,2025-10-20 10:30:00+05:30,2025-10-20 11:30:00+05:30,58123.86666666666,58141.0,0.0294772772630497,4,4_bars,0.098295823402444,0.0,1,58123.86666666666,58141.0,0.029477277263049724,58078.8,58141.0,0.10709587663656461,0.0776185993735149
2025-10-23 09:15:00+05:30,LONG,58319.0,2025-10-20 10:30:00+05:30,58123.86666666666,-4245.0,early,2025-10-20 10:30:00+05:30,2025-10-20 11:30:00+05:30,58123.86666666666,58141.0,0.0294772772630497,4,4_bars,0.098295823402444,0.0,1,58123.86666666666,58141.0,0.029477277263049724,58319.0,58141.0,-0.30521785352972447,-0.3346951307927742
2025-10-29 09:15:00+05:30,LONG,58625.0,2025-10-29 12:00:00+05:30,58678.466666666674,165.0,late,2025-10-29 12:00:00+05:30,2025-10-29 13:00:00+05:30,58678.466666666674,58735.2,0.0966850985653839,4,4_bars,0.0966850985653839,0.0,1,58678.466666666674,58735.2,0.09668509856538399,58625.0,58735.2,0.18797441364605047,0.09128931508066648
